Estado;Vendedor;Region;Fecha de embarque;Empresa fletera;Forma de pago;Nombre del producto;Categoría;Precio unitario;Cantidad;Ventas
Sinaloa;Mayra Aguilar Sepúlveda;Occidente;29/01/18;Empresa de embarque B;Cheque;Cerveza;Bebidas;$196.00;49;$9 604.00
Sinaloa;Mayra Aguilar Sepúlveda;Occidente;29/01/18;Empresa de embarque B;Cheque;Ciruelas secas;Frutas secas;$49.00;47;$2 303.00
Querétaro;Andrés González Rico;Bajío;06/01/18;Empresa de embarque A;Tarjeta de crédito;Peras secas;Frutas secas;$420.00;69;$28 980.00
Querétaro;Andrés González Rico;Bajío;06/01/18;Empresa de embarque A;Tarjeta de crédito;Manzanas secas;Frutas secas;$742.00;89;$66 038.00
Querétaro;Andrés González Rico;Bajío;06/01/18;Empresa de embarque A;Tarjeta de crédito;Ciruelas secas;Frutas secas;$49.00;11;$539.00
Sinaloa;Mayra Aguilar Sepúlveda;Occidente;14/01/18;Empresa de embarque B;Tarjeta de crédito;Té chai;Bebidas;$252.00;81;$20 412.00
Sinaloa;Mayra Aguilar Sepúlveda;Occidente;14/01/18;Empresa de embarque B;Tarjeta de crédito;Café;Bebidas;$644.00;44;$28 336.00
Nuevo León;Nancy Gil de la Peña;Norte;10/01/18;Empresa de embarque C;Tarjeta de crédito;Galletas de chocolate;Productos horneados;$128.80;38;$4 894.40
Querétaro;Andrés González Rico;Bajío;06/01/18;Empresa de embarque C;Cheque;Galletas de chocolate;Productos horneados;$128.80;88;$11 334.40
Jalisco;José de Jesús Morales;Occidente;31/01/18;Empresa de embarque B;Cheque;Chocolate;Dulces;$178.50;94;$16 779.00
Guerrero;Mayra Aguilar Sepúlveda;Occidente;05/01/18;Empresa de embarque B;Efectivo;Almejas;Sopas;$135.10;91;$12 294.10
Baja California;Luis Miguel Valdés Garza;Norte;08/01/18;Empresa de embarque B;Tarjeta de crédito;Salsa curry;Salsas;$560.00;32;$17 920.00
Estado de México;Ana del Valle Hinojosa;Centro;30/01/18;Empresa de embarque C;Cheque;Café;Bebidas;$644.00;55;$35 420.00
Nuevo León;Nancy Gil de la Peña;Norte;10/01/18;Empresa de embarque C;Cheque;Chocolate;Dulces;$178.50;47;$8 389.50
Guanajuato;Laura Gutiérrez Saenz;Bajío;12/01/18;Empresa de embarque B;Tarjeta de crédito;Té verde;Bebidas;$41.86;90;$3 767.40
Guanajuato;Laura Gutiérrez Saenz;Bajío;12/01/18;Empresa de embarque A;Otros medios;Jalea de fresa;Mermeladas y jaleas;$350.00;34;$11 900.00
Guanajuato;Laura Gutiérrez Saenz;Bajío;12/01/18;Empresa de embarque A;Otros medios;Condimento cajún;Condimentos;$308.00;17;$5 236.00
Guanajuato;Laura Gutiérrez Saenz;Bajío;12/01/18;Empresa de embarque A;Otros medios;Galletas de chocolate;Productos horneados;$128.80;44;$5 667.20
Estado de México;Ana del Valle Hinojosa;Centro;30/01/18;Empresa de embarque C;Tarjeta de crédito;Almejas;Sopas;$135.10;100;$13 510.00
Estado de México;Ana del Valle Hinojosa;Centro;30/01/18;Empresa de embarque C;Tarjeta de crédito;Carne de cangrejo;Carne enlatada;$257.60;63;$16 228.80
Jalisco;Robert Zárate Carrillo;Occidente;11/01/18;Empresa de embarque A;Cheque;Ravioli;Pasta;$273.00;57;$15 561.00
Jalisco;Robert Zárate Carrillo;Occidente;11/01/18;Empresa de embarque A;Cheque;Mozzarella;Productos lácteos;$487.20;81;$39 463.20
Baja California;Luis Miguel Valdés Garza;Norte;08/01/18;Empresa de embarque B;Tarjeta de crédito;Cerveza;Bebidas;$196.00;71;$13 916.00
Nuevo León;Nancy Gil de la Peña;Norte;10/02/18;Empresa de embarque B;Cheque;Salsa curry;Salsas;$560.00;32;$17 920.00
Guerrero;Mayra Aguilar Sepúlveda;Occidente;05/02/18;Empresa de embarque B;Efectivo;Jarabe;Condimentos;$140.00;63;$8 820.00
Guerrero;Mayra Aguilar Sepúlveda;Occidente;05/02/18;Empresa de embarque B;Efectivo;Salsa curry;Salsas;$560.00;30;$16 800.00
Guanajuato;Laura Gutiérrez Saenz;Bajío;12/02/18;Empresa de embarque B;Tarjeta de crédito;Almendras;Frutas secas;$140.00;47;$6 580.00
Estado de México;Ana del Valle Hinojosa;Centro;02/03/18;Empresa de embarque C;Tarjeta de crédito;Café;Bebidas;$644.00;32;$20 608.00
Jalisco;Robert Zárate Carrillo;Occidente;11/02/18;Empresa de embarque A;Cheque;Almejas;Sopas;$135.10;27;$3 647.70
Baja California;Luis Miguel Valdés Garza;Norte;08/02/18;Empresa de embarque B;Tarjeta de crédito;Chocolate;Dulces;$178.50;71;$12 673.50
Nuevo León;Nancy Gil de la Peña;Norte;10/02/18;Empresa de embarque B;Cheque;Chocolate;Dulces;$178.50;13;$2 320.50
Guanajuato;Laura Gutiérrez Saenz;Bajío;27/02/18;Empresa de embarque A;Efectivo;Condimento cajún;Condimentos;$308.00;98;$30 184.00
Ciudad de México;Ana del Valle Hinojosa;Centro;28/02/18;Empresa de embarque C;Tarjeta de crédito;Jalea de fresa;Mermeladas y jaleas;$350.00;21;$7 350.00
Jalisco;José de Jesús Morales;Occidente;03/03/18;Empresa de embarque B;Cheque;Cóctel de frutas;Frutas y vegetales;$546.00;26;$14 196.00
Baja California;Luis Miguel Valdés Garza;Norte;08/02/18;Empresa de embarque C;Cheque;Peras secas;Frutas secas;$420.00;96;$40 320.00
Baja California;Luis Miguel Valdés Garza;Norte;08/02/18;Empresa de embarque C;Cheque;Manzanas secas;Frutas secas;$742.00;16;$11 872.00
Jalisco;Robert Zárate Carrillo;Occidente;11/03/18;Empresa de embarque A;Cheque;Ravioli;Pasta;$273.00;55;$15 015.00
Jalisco;Robert Zárate Carrillo;Occidente;11/03/18;Empresa de embarque A;Cheque;Mozzarella;Productos lácteos;$487.20;11;$5 359.20
Baja California;Luis Miguel Valdés Garza;Norte;08/03/18;Empresa de embarque B;Tarjeta de crédito;Cerveza;Bebidas;$196.00;53;$10 388.00
Nuevo León;Nancy Gil de la Peña;Norte;10/03/18;Empresa de embarque B;Cheque;Salsa curry;Salsas;$560.00;85;$47 600.00
Nuevo León;Nancy Gil de la Peña;Norte;10/03/18;Empresa de embarque B;Cheque;Galletas de chocolate;Productos horneados;$128.80;97;$12 493.60
Guanajuato;Laura Gutiérrez Saenz;Bajío;27/03/18;Empresa de embarque A;Efectivo;Bolillos;Productos horneados;$140.00;46;$6 440.00
Ciudad de México;Ana del Valle Hinojosa;Centro;28/03/18;Empresa de embarque C;Tarjeta de crédito;Aceite de oliva;Aceite;$298.90;97;$28 993.30
Ciudad de México;Ana del Valle Hinojosa;Centro;28/03/18;Empresa de embarque C;Tarjeta de crédito;Almejas;Sopas;$135.10;97;$13 104.70
Ciudad de México;Ana del Valle Hinojosa;Centro;28/03/18;Empresa de embarque C;Tarjeta de crédito;Carne de cangrejo;Carne enlatada;$257.60;65;$16 744.00
Jalisco;José de Jesús Morales;Occidente;31/03/18;Empresa de embarque B;Cheque;Cerveza;Bebidas;$196.00;72;$14 112.00
Baja California;Luis Miguel Valdés Garza;Norte;08/03/18;Empresa de embarque C;Cheque;Chocolate;Dulces;$178.50;16;$2 856.00
Querétaro;Andrés González Rico;Bajío;06/03/18;Empresa de embarque A;Tarjeta de crédito;Mermelada de zarzamora;Mermeladas y jaleas;$1 134.00;77;$87 318.00
Querétaro;Andrés González Rico;Bajío;06/03/18;Empresa de embarque A;Tarjeta de crédito;Arroz de grano largo;Granos;$98.00;37;$3 626.00
Nuevo León;Nancy Gil de la Peña;Norte;10/03/18;Empresa de embarque C;Tarjeta de crédito;Mozzarella;Productos lácteos;$487.20;63;$30 693.60
Guerrero;Mayra Aguilar Sepúlveda;Occidente;05/03/18;Empresa de embarque B;Efectivo;Jarabe;Condimentos;$140.00;48;$6 720.00
Guerrero;Mayra Aguilar Sepúlveda;Occidente;05/03/18;Empresa de embarque B;Efectivo;Salsa curry;Salsas;$560.00;71;$39 760.00
Guanajuato;Laura Gutiérrez Saenz;Bajío;12/03/18;Empresa de embarque B;Tarjeta de crédito;Almendras;Frutas secas;$140.00;55;$7 700.00
Estado de México;Ana del Valle Hinojosa;Centro;30/03/18;Empresa de embarque C;Tarjeta de crédito;Café;Bebidas;$644.00;17;$10 948.00
Querétaro;Andrés González Rico;Bajío;06/04/18;Empresa de embarque A;Tarjeta de crédito;Ciruelas secas;Frutas secas;$49.00;48;$2 352.00
Sinaloa;Mayra Aguilar Sepúlveda;Occidente;14/04/18;Empresa de embarque B;Tarjeta de crédito;Té chai;Bebidas;$252.00;74;$18 648.00
Sinaloa;Mayra Aguilar Sepúlveda;Occidente;14/04/18;Empresa de embarque B;Tarjeta de crédito;Café;Bebidas;$644.00;96;$61 824.00
Nuevo León;Nancy Gil de la Peña;Norte;10/04/18;Empresa de embarque C;Tarjeta de crédito;Galletas de chocolate;Productos horneados;$128.80;12;$1 545.60
Querétaro;Andrés González Rico;Bajío;06/04/18;Empresa de embarque C;Cheque;Galletas de chocolate;Productos horneados;$128.80;62;$7 985.60
Jalisco;José de Jesús Morales;Occidente;01/05/18;Empresa de embarque B;Cheque;Chocolate;Dulces;$178.50;35;$6 247.50
Guerrero;Mayra Aguilar Sepúlveda;Occidente;05/04/18;Empresa de embarque B;Efectivo;Almejas;Sopas;$135.10;95;$12 834.50
Baja California;Luis Miguel Valdés Garza;Norte;08/04/18;Empresa de embarque B;Tarjeta de crédito;Salsa curry;Salsas;$560.00;17;$9 520.00
Estado de México;Ana del Valle Hinojosa;Centro;30/04/18;Empresa de embarque C;Cheque;Café;Bebidas;$644.00;96;$61 824.00
Nuevo León;Nancy Gil de la Peña;Norte;10/04/18;Empresa de embarque C;Cheque;Chocolate;Dulces;$178.50;83;$14 815.50
Guanajuato;Laura Gutiérrez Saenz;Bajío;12/04/18;Empresa de embarque B;Tarjeta de crédito;Té verde;Bebidas;$41.86;88;$3 683.68
Guanajuato;Laura Gutiérrez Saenz;Bajío;12/04/18;Empresa de embarque A;Otros medios;Jalea de fresa;Mermeladas y jaleas;$350.00;27;$9 450.00
Guanajuato;Laura Gutiérrez Saenz;Bajío;12/04/18;Empresa de embarque A;Otros medios;Condimento cajún;Condimentos;$308.00;37;$11 396.00
Guanajuato;Laura Gutiérrez Saenz;Bajío;12/04/18;Empresa de embarque A;Otros medios;Galletas de chocolate;Productos horneados;$128.80;75;$9 660.00
Jalisco;José de Jesús Morales;Occidente;31/05/18;Empresa de embarque B;Cheque;Chocolate;Dulces;$178.50;14;$2 499.00
Guerrero;Mayra Aguilar Sepúlveda;Occidente;05/05/18;Empresa de embarque B;Efectivo;Almejas;Sopas;$135.10;43;$5 809.30
Baja California;Luis Miguel Valdés Garza;Norte;08/05/18;Empresa de embarque B;Tarjeta de crédito;Salsa curry;Salsas;$560.00;63;$35 280.00
Estado de México;Ana del Valle Hinojosa;Centro;30/05/18;Empresa de embarque C;Cheque;Café;Bebidas;$644.00;36;$23 184.00
Nuevo León;Nancy Gil de la Peña;Norte;10/05/18;Empresa de embarque C;Cheque;Chocolate;Dulces;$178.50;41;$7 318.50
Guanajuato;Laura Gutiérrez Saenz;Bajío;12/05/18;Empresa de embarque B;Tarjeta de crédito;Té verde;Bebidas;$41.86;35;$1 465.10
Guanajuato;Laura Gutiérrez Saenz;Bajío;12/05/18;Empresa de embarque A;Otros medios;Jalea de fresa;Mermeladas y jaleas;$350.00;52;$18 200.00
Guanajuato;Laura Gutiérrez Saenz;Bajío;12/05/18;Empresa de embarque A;Otros medios;Condimento cajún;Condimentos;$308.00;30;$9 240.00
Guanajuato;Laura Gutiérrez Saenz;Bajío;12/05/18;Empresa de embarque A;Otros medios;Galletas de chocolate;Productos horneados;$128.80;41;$5 280.80
Estado de México;Ana del Valle Hinojosa;Centro;30/05/18;Empresa de embarque C;Tarjeta de crédito;Almejas;Sopas;$135.10;74;$9 997.40
Estado de México;Ana del Valle Hinojosa;Centro;30/05/18;Empresa de embarque C;Tarjeta de crédito;Carne de cangrejo;Carne enlatada;$257.60;25;$6 440.00
Jalisco;Robert Zárate Carrillo;Occidente;11/05/18;Empresa de embarque A;Cheque;Ravioli;Pasta;$273.00;82;$22 386.00
Jalisco;Robert Zárate Carrillo;Occidente;11/05/18;Empresa de embarque A;Cheque;Mozzarella;Productos lácteos;$487.20;37;$18 026.40
Baja California;Luis Miguel Valdés Garza;Norte;08/05/18;Empresa de embarque B;Tarjeta de crédito;Cerveza;Bebidas;$196.00;84;$16 464.00
Nuevo León;Nancy Gil de la Peña;Norte;10/05/18;Empresa de embarque B;Cheque;Salsa curry;Salsas;$560.00;73;$40 880.00
Nuevo León;Nancy Gil de la Peña;Norte;10/05/18;Empresa de embarque B;Cheque;Galletas de chocolate;Productos horneados;$128.80;51;$6 568.80
Guanajuato;Laura Gutiérrez Saenz;Bajío;27/05/18;Empresa de embarque A;Efectivo;Bolillos;Productos horneados;$140.00;66;$9 240.00
Ciudad de México;Ana del Valle Hinojosa;Centro;28/05/18;Empresa de embarque C;Tarjeta de crédito;Aceite de oliva;Aceite;$298.90;36;$10 760.40
Ciudad de México;Ana del Valle Hinojosa;Centro;28/05/18;Empresa de embarque C;Tarjeta de crédito;Almejas;Sopas;$135.10;87;$11 753.70
Ciudad de México;Ana del Valle Hinojosa;Centro;28/05/18;Empresa de embarque C;Tarjeta de crédito;Carne de cangrejo;Carne enlatada;$257.60;64;$16 486.40
Jalisco;José de Jesús Morales;Occidente;31/05/18;Empresa de embarque B;Cheque;Cerveza;Bebidas;$196.00;21;$4 116.00
Baja California;Luis Miguel Valdés Garza;Norte;08/05/18;Empresa de embarque C;Cheque;Chocolate;Dulces;$178.50;19;$3 391.50
Querétaro;Andrés González Rico;Bajío;06/05/18;Empresa de embarque A;Tarjeta de crédito;Mermelada de zarzamora;Mermeladas y jaleas;$1 134.00;23;$26 082.00
Querétaro;Andrés González Rico;Bajío;06/05/18;Empresa de embarque A;Tarjeta de crédito;Arroz de grano largo;Granos;$98.00;72;$7 056.00
Nuevo León;Nancy Gil de la Peña;Norte;10/05/18;Empresa de embarque C;Tarjeta de crédito;Mozzarella;Productos lácteos;$487.20;22;$10 718.40
Guerrero;Mayra Aguilar Sepúlveda;Occidente;05/05/18;Empresa de embarque B;Efectivo;Jarabe;Condimentos;$140.00;82;$11 480.00
Guerrero;Mayra Aguilar Sepúlveda;Occidente;05/05/18;Empresa de embarque B;Efectivo;Salsa curry;Salsas;$560.00;98;$54 880.00
Guanajuato;Laura Gutiérrez Saenz;Bajío;12/06/18;Empresa de embarque A;Otros medios;Jalea de fresa;Mermeladas y jaleas;$350.00;40;$14 000.00
Guanajuato;Laura Gutiérrez Saenz;Bajío;12/06/18;Empresa de embarque A;Otros medios;Condimento cajún;Condimentos;$308.00;80;$24 640.00
Guanajuato;Laura Gutiérrez Saenz;Bajío;12/06/18;Empresa de embarque A;Otros medios;Galletas de chocolate;Productos horneados;$128.80;38;$4 894.40
Estado de México;Ana del Valle Hinojosa;Centro;30/06/18;Empresa de embarque C;Tarjeta de crédito;Almejas;Sopas;$135.10;60;$8 106.00
Estado de México;Ana del Valle Hinojosa;Centro;30/06/18;Empresa de embarque C;Tarjeta de crédito;Carne de cangrejo;Carne enlatada;$257.60;98;$25 244.80
Jalisco;Robert Zárate Carrillo;Occidente;11/06/18;Empresa de embarque A;Cheque;Ravioli;Pasta;$273.00;27;$7 371.00
Jalisco;Robert Zárate Carrillo;Occidente;11/06/18;Empresa de embarque A;Cheque;Mozzarella;Productos lácteos;$487.20;88;$42 873.60
Baja California;Luis Miguel Valdés Garza;Norte;08/06/18;Empresa de embarque B;Tarjeta de crédito;Cerveza;Bebidas;$196.00;65;$12 740.00
Nuevo León;Nancy Gil de la Peña;Norte;10/06/18;Empresa de embarque B;Cheque;Salsa curry;Salsas;$560.00;38;$21 280.00
Nuevo León;Nancy Gil de la Peña;Norte;10/06/18;Empresa de embarque B;Cheque;Galletas de chocolate;Productos horneados;$128.80;80;$10 304.00
Guanajuato;Laura Gutiérrez Saenz;Bajío;27/06/18;Empresa de embarque A;Efectivo;Bolillos;Productos horneados;$140.00;49;$6 860.00
Ciudad de México;Ana del Valle Hinojosa;Centro;28/06/18;Empresa de embarque C;Tarjeta de crédito;Aceite de oliva;Aceite;$298.90;90;$26 901.00
Ciudad de México;Ana del Valle Hinojosa;Centro;28/06/18;Empresa de embarque C;Tarjeta de crédito;Almejas;Sopas;$135.10;60;$8 106.00
Ciudad de México;Ana del Valle Hinojosa;Centro;28/06/18;Empresa de embarque C;Tarjeta de crédito;Carne de cangrejo;Carne enlatada;$257.60;39;$10 046.40
Jalisco;José de Jesús Morales;Occidente;01/07/18;Empresa de embarque B;Cheque;Cerveza;Bebidas;$196.00;79;$15 484.00
Baja California;Luis Miguel Valdés Garza;Norte;08/06/18;Empresa de embarque C;Cheque;Chocolate;Dulces;$178.50;44;$7 854.00
Querétaro;Andrés González Rico;Bajío;06/06/18;Empresa de embarque A;Tarjeta de crédito;Mermelada de zarzamora;Mermeladas y jaleas;$1 134.00;98;$111 132.00
Querétaro;Andrés González Rico;Bajío;06/06/18;Empresa de embarque A;Tarjeta de crédito;Arroz de grano largo;Granos;$98.00;61;$5 978.00
Nuevo León;Nancy Gil de la Peña;Norte;10/06/18;Empresa de embarque C;Tarjeta de crédito;Mozzarella;Productos lácteos;$487.20;30;$14 616.00
Guerrero;Mayra Aguilar Sepúlveda;Occidente;05/06/18;Empresa de embarque B;Efectivo;Jarabe;Condimentos;$140.00;24;$3 360.00
Guerrero;Mayra Aguilar Sepúlveda;Occidente;05/06/18;Empresa de embarque B;Efectivo;Salsa curry;Salsas;$560.00;28;$15 680.00
Guanajuato;Laura Gutiérrez Saenz;Bajío;12/06/18;Empresa de embarque B;Tarjeta de crédito;Almendras;Frutas secas;$140.00;74;$10 360.00
Estado de México;Ana del Valle Hinojosa;Centro;30/06/18;Empresa de embarque C;Tarjeta de crédito;Café;Bebidas;$644.00;74;$47 656.00
Jalisco;Robert Zárate Carrillo;Occidente;11/06/18;Empresa de embarque A;Cheque;Almejas;Sopas;$135.10;76;$10 267.60
Baja California;Luis Miguel Valdés Garza;Norte;08/06/18;Empresa de embarque B;Tarjeta de crédito;Chocolate;Dulces;$178.50;96;$17 136.00
Nuevo León;Nancy Gil de la Peña;Norte;10/06/18;Empresa de embarque B;Cheque;Chocolate;Dulces;$178.50;92;$16 422.00
Guanajuato;Laura Gutiérrez Saenz;Bajío;27/06/18;Empresa de embarque A;Efectivo;Condimento cajún;Condimentos;$308.00;93;$28 644.00
Ciudad de México;Ana del Valle Hinojosa;Centro;28/06/18;Empresa de embarque C;Tarjeta de crédito;Jalea de fresa;Mermeladas y jaleas;$350.00;18;$6 300.00
Jalisco;José de Jesús Morales;Occidente;01/07/18;Empresa de embarque B;Cheque;Cóctel de frutas;Frutas y vegetales;$546.00;98;$53 508.00
Baja California;Luis Miguel Valdés Garza;Norte;08/06/18;Empresa de embarque C;Cheque;Peras secas;Frutas secas;$420.00;46;$19 320.00
Baja California;Luis Miguel Valdés Garza;Norte;08/06/18;Empresa de embarque C;Cheque;Manzanas secas;Frutas secas;$742.00;14;$10 388.00
Estado de México;Ana del Valle Hinojosa;Centro;30/07/18;Empresa de embarque C;Tarjeta de crédito;Almejas;Sopas;$135.10;33;$4 458.30
Estado de México;Ana del Valle Hinojosa;Centro;30/07/18;Empresa de embarque C;Tarjeta de crédito;Carne de cangrejo;Carne enlatada;$257.60;47;$12 107.20
Jalisco;Robert Zárate Carrillo;Occidente;11/07/18;Empresa de embarque A;Cheque;Ravioli;Pasta;$273.00;61;$16 653.00
Jalisco;Robert Zárate Carrillo;Occidente;11/07/18;Empresa de embarque A;Cheque;Mozzarella;Productos lácteos;$487.20;27;$13 154.40
Baja California;Luis Miguel Valdés Garza;Norte;08/07/18;Empresa de embarque B;Tarjeta de crédito;Cerveza;Bebidas;$196.00;84;$16 464.00
Nuevo León;Nancy Gil de la Peña;Norte;10/07/18;Empresa de embarque B;Cheque;Salsa curry;Salsas;$560.00;91;$50 960.00
Nuevo León;Nancy Gil de la Peña;Norte;10/07/18;Empresa de embarque B;Cheque;Galletas de chocolate;Productos horneados;$128.80;36;$4 636.80
Guanajuato;Laura Gutiérrez Saenz;Bajío;27/07/18;Empresa de embarque A;Efectivo;Bolillos;Productos horneados;$140.00;34;$4 760.00
Ciudad de México;Ana del Valle Hinojosa;Centro;28/07/18;Empresa de embarque C;Tarjeta de crédito;Aceite de oliva;Aceite;$298.90;81;$24 210.90
Ciudad de México;Ana del Valle Hinojosa;Centro;28/07/18;Empresa de embarque C;Tarjeta de crédito;Almejas;Sopas;$135.10;25;$3 377.50
Ciudad de México;Ana del Valle Hinojosa;Centro;28/07/18;Empresa de embarque C;Tarjeta de crédito;Carne de cangrejo;Carne enlatada;$257.60;12;$3 091.20
Jalisco;José de Jesús Morales;Occidente;31/07/18;Empresa de embarque B;Cheque;Cerveza;Bebidas;$196.00;23;$4 508.00
Baja California;Luis Miguel Valdés Garza;Norte;08/07/18;Empresa de embarque C;Cheque;Chocolate;Dulces;$178.50;76;$13 566.00
Querétaro;Andrés González Rico;Bajío;06/07/18;Empresa de embarque A;Tarjeta de crédito;Mermelada de zarzamora;Mermeladas y jaleas;$1 134.00;55;$62 370.00
Querétaro;Andrés González Rico;Bajío;06/07/18;Empresa de embarque A;Tarjeta de crédito;Arroz de grano largo;Granos;$98.00;19;$1 862.00
Nuevo León;Nancy Gil de la Peña;Norte;10/07/18;Empresa de embarque C;Tarjeta de crédito;Mozzarella;Productos lácteos;$487.20;27;$13 154.40
Guerrero;Mayra Aguilar Sepúlveda;Occidente;05/07/18;Empresa de embarque B;Efectivo;Jarabe;Condimentos;$140.00;99;$13 860.00
Guerrero;Mayra Aguilar Sepúlveda;Occidente;05/07/18;Empresa de embarque B;Efectivo;Salsa curry;Salsas;$560.00;10;$5 600.00
Guanajuato;Laura Gutiérrez Saenz;Bajío;12/07/18;Empresa de embarque B;Tarjeta de crédito;Almendras;Frutas secas;$140.00;80;$11 200.00
Estado de México;Ana del Valle Hinojosa;Centro;30/07/18;Empresa de embarque C;Tarjeta de crédito;Café;Bebidas;$644.00;24;$15 456.00
Jalisco;Robert Zárate Carrillo;Occidente;11/07/18;Empresa de embarque A;Cheque;Almejas;Sopas;$135.10;90;$12 159.00
Baja California;Luis Miguel Valdés Garza;Norte;08/07/18;Empresa de embarque B;Tarjeta de crédito;Chocolate;Dulces;$178.50;28;$4 998.00
Estado de México;Ana del Valle Hinojosa;Centro;30/08/18;Empresa de embarque C;Cheque;Café;Bebidas;$644.00;28;$18 032.00
Nuevo León;Nancy Gil de la Peña;Norte;10/08/18;Empresa de embarque C;Cheque;Chocolate;Dulces;$178.50;57;$10 174.50
Guanajuato;Laura Gutiérrez Saenz;Bajío;12/08/18;Empresa de embarque B;Tarjeta de crédito;Té verde;Bebidas;$41.86;23;$962.78
Guanajuato;Laura Gutiérrez Saenz;Bajío;12/08/18;Empresa de embarque A;Otros medios;Jalea de fresa;Mermeladas y jaleas;$350.00;47;$16 450.00
Guanajuato;Laura Gutiérrez Saenz;Bajío;12/08/18;Empresa de embarque A;Otros medios;Condimento cajún;Condimentos;$308.00;97;$29 876.00
Guanajuato;Laura Gutiérrez Saenz;Bajío;12/08/18;Empresa de embarque A;Otros medios;Galletas de chocolate;Productos horneados;$128.80;96;$12 364.80
Estado de México;Ana del Valle Hinojosa;Centro;30/08/18;Empresa de embarque C;Tarjeta de crédito;Almejas;Sopas;$135.10;97;$13 104.70
Estado de México;Ana del Valle Hinojosa;Centro;30/08/18;Empresa de embarque C;Tarjeta de crédito;Carne de cangrejo;Carne enlatada;$257.60;80;$20 608.00
Jalisco;Robert Zárate Carrillo;Occidente;11/08/18;Empresa de embarque A;Cheque;Ravioli;Pasta;$273.00;66;$18 018.00
Jalisco;Robert Zárate Carrillo;Occidente;11/08/18;Empresa de embarque A;Cheque;Mozzarella;Productos lácteos;$487.20;32;$15 590.40
Baja California;Luis Miguel Valdés Garza;Norte;08/08/18;Empresa de embarque B;Tarjeta de crédito;Cerveza;Bebidas;$196.00;52;$10 192.00
Nuevo León;Nancy Gil de la Peña;Norte;10/08/18;Empresa de embarque B;Cheque;Salsa curry;Salsas;$560.00;78;$43 680.00
Nuevo León;Nancy Gil de la Peña;Norte;10/08/18;Empresa de embarque B;Cheque;Galletas de chocolate;Productos horneados;$128.80;54;$6 955.20
Guanajuato;Laura Gutiérrez Saenz;Bajío;27/08/18;Empresa de embarque A;Efectivo;Bolillos;Productos horneados;$140.00;55;$7 700.00
Ciudad de México;Ana del Valle Hinojosa;Centro;28/08/18;Empresa de embarque C;Tarjeta de crédito;Aceite de oliva;Aceite;$298.90;60;$17 934.00
Ciudad de México;Ana del Valle Hinojosa;Centro;28/08/18;Empresa de embarque C;Tarjeta de crédito;Almejas;Sopas;$135.10;19;$2 566.90
Ciudad de México;Ana del Valle Hinojosa;Centro;28/08/18;Empresa de embarque C;Tarjeta de crédito;Carne de cangrejo;Carne enlatada;$257.60;66;$17 001.60
Jalisco;José de Jesús Morales;Occidente;31/08/18;Empresa de embarque B;Cheque;Cerveza;Bebidas;$196.00;42;$8 232.00
Baja California;Luis Miguel Valdés Garza;Norte;08/08/18;Empresa de embarque C;Cheque;Chocolate;Dulces;$178.50;72;$12 852.00
Querétaro;Andrés González Rico;Bajío;06/08/18;Empresa de embarque A;Tarjeta de crédito;Mermelada de zarzamora;Mermeladas y jaleas;$1 134.00;32;$36 288.00
Querétaro;Andrés González Rico;Bajío;06/08/18;Empresa de embarque A;Tarjeta de crédito;Arroz de grano largo;Granos;$98.00;76;$7 448.00
Guanajuato;Laura Gutiérrez Saenz;Bajío;12/09/18;Empresa de embarque A;Otros medios;Galletas de chocolate;Productos horneados;$128.80;83;$10 690.40
Estado de México;Ana del Valle Hinojosa;Centro;30/09/18;Empresa de embarque C;Tarjeta de crédito;Almejas;Sopas;$135.10;68;$9 186.80
Estado de México;Ana del Valle Hinojosa;Centro;30/09/18;Empresa de embarque C;Tarjeta de crédito;Carne de cangrejo;Carne enlatada;$257.60;32;$8 243.20
Jalisco;Robert Zárate Carrillo;Occidente;11/09/18;Empresa de embarque A;Cheque;Ravioli;Pasta;$273.00;48;$13 104.00
Jalisco;Robert Zárate Carrillo;Occidente;11/09/18;Empresa de embarque A;Cheque;Mozzarella;Productos lácteos;$487.20;57;$27 770.40
Baja California;Luis Miguel Valdés Garza;Norte;08/09/18;Empresa de embarque B;Tarjeta de crédito;Cerveza;Bebidas;$196.00;67;$13 132.00
Nuevo León;Nancy Gil de la Peña;Norte;10/09/18;Empresa de embarque B;Cheque;Salsa curry;Salsas;$560.00;48;$26 880.00
Nuevo León;Nancy Gil de la Peña;Norte;10/09/18;Empresa de embarque B;Cheque;Galletas de chocolate;Productos horneados;$128.80;77;$9 917.60
Guanajuato;Laura Gutiérrez Saenz;Bajío;27/09/18;Empresa de embarque A;Efectivo;Bolillos;Productos horneados;$140.00;94;$13 160.00
Ciudad de México;Ana del Valle Hinojosa;Centro;28/09/18;Empresa de embarque C;Tarjeta de crédito;Aceite de oliva;Aceite;$298.90;54;$16 140.60
Ciudad de México;Ana del Valle Hinojosa;Centro;28/09/18;Empresa de embarque C;Tarjeta de crédito;Almejas;Sopas;$135.10;43;$5 809.30
Ciudad de México;Ana del Valle Hinojosa;Centro;28/09/18;Empresa de embarque C;Tarjeta de crédito;Carne de cangrejo;Carne enlatada;$257.60;71;$18 289.60
Jalisco;José de Jesús Morales;Occidente;01/10/18;Empresa de embarque B;Cheque;Cerveza;Bebidas;$196.00;50;$9 800.00
Baja California;Luis Miguel Valdés Garza;Norte;08/09/18;Empresa de embarque C;Cheque;Chocolate;Dulces;$178.50;96;$17 136.00
Querétaro;Andrés González Rico;Bajío;06/09/18;Empresa de embarque A;Tarjeta de crédito;Mermelada de zarzamora;Mermeladas y jaleas;$1 134.00;54;$61 236.00
Querétaro;Andrés González Rico;Bajío;06/09/18;Empresa de embarque A;Tarjeta de crédito;Arroz de grano largo;Granos;$98.00;39;$3 822.00
Nuevo León;Nancy Gil de la Peña;Norte;10/09/18;Empresa de embarque C;Tarjeta de crédito;Mozzarella;Productos lácteos;$487.20;63;$30 693.60
Guerrero;Mayra Aguilar Sepúlveda;Occidente;05/09/18;Empresa de embarque B;Efectivo;Jarabe;Condimentos;$140.00;71;$9 940.00
Guerrero;Mayra Aguilar Sepúlveda;Occidente;05/09/18;Empresa de embarque B;Efectivo;Salsa curry;Salsas;$560.00;88;$49 280.00
Guanajuato;Laura Gutiérrez Saenz;Bajío;12/09/18;Empresa de embarque B;Tarjeta de crédito;Almendras;Frutas secas;$140.00;59;$8 260.00
Baja California;Luis Miguel Valdés Garza;Norte;08/10/18;Empresa de embarque B;Tarjeta de crédito;Salsa curry;Salsas;$560.00;94;$52 640.00
Estado de México;Ana del Valle Hinojosa;Centro;30/10/18;Empresa de embarque C;Cheque;Café;Bebidas;$644.00;86;$55 384.00
Nuevo León;Nancy Gil de la Peña;Norte;10/10/18;Empresa de embarque C;Cheque;Chocolate;Dulces;$178.50;61;$10 888.50
Guanajuato;Laura Gutiérrez Saenz;Bajío;12/10/18;Empresa de embarque B;Tarjeta de crédito;Té verde;Bebidas;$41.86;32;$1 339.52
Guanajuato;Laura Gutiérrez Saenz;Bajío;12/10/18;Empresa de embarque A;Otros medios;Jalea de fresa;Mermeladas y jaleas;$350.00;60;$21 000.00
Guanajuato;Laura Gutiérrez Saenz;Bajío;12/10/18;Empresa de embarque A;Otros medios;Condimento cajún;Condimentos;$308.00;51;$15 708.00
Guanajuato;Laura Gutiérrez Saenz;Bajío;12/10/18;Empresa de embarque A;Otros medios;Galletas de chocolate;Productos horneados;$128.80;49;$6 311.20
Estado de México;Ana del Valle Hinojosa;Centro;30/10/18;Empresa de embarque C;Tarjeta de crédito;Almejas;Sopas;$135.10;44;$5 944.40
Estado de México;Ana del Valle Hinojosa;Centro;30/10/18;Empresa de embarque C;Tarjeta de crédito;Carne de cangrejo;Carne enlatada;$257.60;24;$6 182.40
Jalisco;Robert Zárate Carrillo;Occidente;11/10/18;Empresa de embarque A;Cheque;Ravioli;Pasta;$273.00;64;$17 472.00
Jalisco;Robert Zárate Carrillo;Occidente;11/10/18;Empresa de embarque A;Cheque;Mozzarella;Productos lácteos;$487.20;70;$34 104.00
Baja California;Luis Miguel Valdés Garza;Norte;08/10/18;Empresa de embarque B;Tarjeta de crédito;Cerveza;Bebidas;$196.00;98;$19 208.00
Nuevo León;Nancy Gil de la Peña;Norte;10/10/18;Empresa de embarque B;Cheque;Salsa curry;Salsas;$560.00;48;$26 880.00
Nuevo León;Nancy Gil de la Peña;Norte;10/10/18;Empresa de embarque B;Cheque;Galletas de chocolate;Productos horneados;$128.80;100;$12 880.00
Guanajuato;Laura Gutiérrez Saenz;Bajío;27/10/18;Empresa de embarque A;Efectivo;Bolillos;Productos horneados;$140.00;90;$12 600.00
Ciudad de México;Ana del Valle Hinojosa;Centro;28/10/18;Empresa de embarque C;Tarjeta de crédito;Aceite de oliva;Aceite;$298.90;49;$14 646.10
Ciudad de México;Ana del Valle Hinojosa;Centro;28/10/18;Empresa de embarque C;Tarjeta de crédito;Almejas;Sopas;$135.10;71;$9 592.10
Ciudad de México;Ana del Valle Hinojosa;Centro;28/10/18;Empresa de embarque C;Tarjeta de crédito;Carne de cangrejo;Carne enlatada;$257.60;10;$2 576.00
Jalisco;José de Jesús Morales;Occidente;31/10/18;Empresa de embarque B;Cheque;Cerveza;Bebidas;$196.00;78;$15 288.00
Baja California;Luis Miguel Valdés Garza;Norte;08/10/18;Empresa de embarque C;Cheque;Chocolate;Dulces;$178.50;44;$7 854.00
Querétaro;Andrés González Rico;Bajío;06/10/18;Empresa de embarque A;Tarjeta de crédito;Mermelada de zarzamora;Mermeladas y jaleas;$1 134.00;82;$92 988.00
Querétaro;Andrés González Rico;Bajío;06/10/18;Empresa de embarque A;Tarjeta de crédito;Arroz de grano largo;Granos;$98.00;29;$2 842.00
Nuevo León;Nancy Gil de la Peña;Norte;10/10/18;Empresa de embarque C;Tarjeta de crédito;Mozzarella;Productos lácteos;$487.20;93;$45 309.60
Guerrero;Mayra Aguilar Sepúlveda;Occidente;05/10/18;Empresa de embarque B;Efectivo;Jarabe;Condimentos;$140.00;11;$1 540.00
Guerrero;Mayra Aguilar Sepúlveda;Occidente;05/10/18;Empresa de embarque B;Efectivo;Salsa curry;Salsas;$560.00;91;$50 960.00
Guanajuato;Laura Gutiérrez Saenz;Bajío;12/10/18;Empresa de embarque B;Tarjeta de crédito;Almendras;Frutas secas;$140.00;12;$1 680.00
Estado de México;Ana del Valle Hinojosa;Centro;30/10/18;Empresa de embarque C;Tarjeta de crédito;Café;Bebidas;$644.00;34;$21 896.00
Jalisco;Robert Zárate Carrillo;Occidente;11/10/18;Empresa de embarque A;Cheque;Almejas;Sopas;$135.10;89;$12 023.90
Baja California;Luis Miguel Valdés Garza;Norte;08/10/18;Empresa de embarque B;Tarjeta de crédito;Chocolate;Dulces;$178.50;82;$14 637.00
Nuevo León;Nancy Gil de la Peña;Norte;10/10/18;Empresa de embarque B;Cheque;Chocolate;Dulces;$178.50;43;$7 675.50
Guanajuato;Laura Gutiérrez Saenz;Bajío;12/11/18;Empresa de embarque A;Otros medios;Condimento cajún;Condimentos;$308.00;96;$29 568.00
Guanajuato;Laura Gutiérrez Saenz;Bajío;12/11/18;Empresa de embarque A;Otros medios;Galletas de chocolate;Productos horneados;$128.80;34;$4 379.20
Estado de México;Ana del Valle Hinojosa;Centro;30/11/18;Empresa de embarque C;Tarjeta de crédito;Almejas;Sopas;$135.10;46;$6 214.60
Estado de México;Ana del Valle Hinojosa;Centro;30/11/18;Empresa de embarque C;Tarjeta de crédito;Carne de cangrejo;Carne enlatada;$257.60;100;$25 760.00
Jalisco;Robert Zárate Carrillo;Occidente;11/11/18;Empresa de embarque A;Cheque;Ravioli;Pasta;$273.00;87;$23 751.00
Jalisco;Robert Zárate Carrillo;Occidente;11/11/18;Empresa de embarque A;Cheque;Mozzarella;Productos lácteos;$487.20;58;$28 257.60
Baja California;Luis Miguel Valdés Garza;Norte;08/11/18;Empresa de embarque B;Tarjeta de crédito;Cerveza;Bebidas;$196.00;85;$16 660.00
Nuevo León;Nancy Gil de la Peña;Norte;10/11/18;Empresa de embarque B;Cheque;Salsa curry;Salsas;$560.00;28;$15 680.00
Nuevo León;Nancy Gil de la Peña;Norte;10/11/18;Empresa de embarque B;Cheque;Galletas de chocolate;Productos horneados;$128.80;19;$2 447.20
Guanajuato;Laura Gutiérrez Saenz;Bajío;27/11/18;Empresa de embarque A;Efectivo;Bolillos;Productos horneados;$140.00;99;$13 860.00
Ciudad de México;Ana del Valle Hinojosa;Centro;28/11/18;Empresa de embarque C;Tarjeta de crédito;Aceite de oliva;Aceite;$298.90;69;$20 624.10
Ciudad de México;Ana del Valle Hinojosa;Centro;28/11/18;Empresa de embarque C;Tarjeta de crédito;Almejas;Sopas;$135.10;37;$4 998.70
Ciudad de México;Ana del Valle Hinojosa;Centro;28/11/18;Empresa de embarque C;Tarjeta de crédito;Carne de cangrejo;Carne enlatada;$257.60;64;$16 486.40
Jalisco;José de Jesús Morales;Occidente;01/12/18;Empresa de embarque B;Cheque;Cerveza;Bebidas;$196.00;38;$7 448.00
Baja California;Luis Miguel Valdés Garza;Norte;08/11/18;Empresa de embarque C;Cheque;Chocolate;Dulces;$178.50;15;$2 677.50
Querétaro;Andrés González Rico;Bajío;06/11/18;Empresa de embarque A;Tarjeta de crédito;Mermelada de zarzamora;Mermeladas y jaleas;$1 134.00;52;$58 968.00
Querétaro;Andrés González Rico;Bajío;06/11/18;Empresa de embarque A;Tarjeta de crédito;Arroz de grano largo;Granos;$98.00;37;$3 626.00
Nuevo León;Nancy Gil de la Peña;Norte;10/11/18;Empresa de embarque C;Tarjeta de crédito;Mozzarella;Productos lácteos;$487.20;24;$11 692.80
Guerrero;Mayra Aguilar Sepúlveda;Occidente;05/11/18;Empresa de embarque B;Efectivo;Jarabe;Condimentos;$140.00;36;$5 040.00
Guerrero;Mayra Aguilar Sepúlveda;Occidente;05/11/18;Empresa de embarque B;Efectivo;Salsa curry;Salsas;$560.00;24;$13 440.00
Guanajuato;Laura Gutiérrez Saenz;Bajío;12/11/18;Empresa de embarque B;Tarjeta de crédito;Almendras;Frutas secas;$140.00;20;$2 800.00
Estado de México;Ana del Valle Hinojosa;Centro;30/11/18;Empresa de embarque C;Tarjeta de crédito;Café;Bebidas;$644.00;57;$36 708.00
Jalisco;Robert Zárate Carrillo;Occidente;11/11/18;Empresa de embarque A;Cheque;Almejas;Sopas;$135.10;14;$1 891.40
Sinaloa;Mayra Aguilar Sepúlveda;Occidente;29/12/18;Empresa de embarque B;Cheque;Cerveza;Bebidas;$196.00;14;$2 744.00
Sinaloa;Mayra Aguilar Sepúlveda;Occidente;29/12/18;Empresa de embarque B;Cheque;Ciruelas secas;Frutas secas;$49.00;70;$3 430.00
Querétaro;Andrés González Rico;Bajío;06/12/18;Empresa de embarque A;Tarjeta de crédito;Peras secas;Frutas secas;$420.00;100;$42 000.00
Querétaro;Andrés González Rico;Bajío;06/12/18;Empresa de embarque A;Tarjeta de crédito;Manzanas secas;Frutas secas;$742.00;27;$20 034.00
Querétaro;Andrés González Rico;Bajío;06/12/18;Empresa de embarque A;Tarjeta de crédito;Ciruelas secas;Frutas secas;$49.00;70;$3 430.00
Sinaloa;Mayra Aguilar Sepúlveda;Occidente;14/12/18;Empresa de embarque B;Tarjeta de crédito;Té chai;Bebidas;$252.00;57;$14 364.00
Sinaloa;Mayra Aguilar Sepúlveda;Occidente;14/12/18;Empresa de embarque B;Tarjeta de crédito;Café;Bebidas;$644.00;83;$53 452.00
Nuevo León;Nancy Gil de la Peña;Norte;10/12/18;Empresa de embarque C;Tarjeta de crédito;Galletas de chocolate;Productos horneados;$128.80;76;$9 788.80
Querétaro;Andrés González Rico;Bajío;06/12/18;Empresa de embarque C;Cheque;Galletas de chocolate;Productos horneados;$128.80;80;$10 304.00
Jalisco;José de Jesús Morales;Occidente;31/12/18;Empresa de embarque B;Cheque;Chocolate;Dulces;$178.50;47;$8 389.50
Guerrero;Mayra Aguilar Sepúlveda;Occidente;05/12/18;Empresa de embarque B;Efectivo;Almejas;Sopas;$135.10;96;$12 969.60
Baja California;Luis Miguel Valdés Garza;Norte;08/12/18;Empresa de embarque B;Tarjeta de crédito;Salsa curry;Salsas;$560.00;32;$17 920.00
Estado de México;Ana del Valle Hinojosa;Centro;30/12/18;Empresa de embarque C;Cheque;Café;Bebidas;$644.00;16;$10 304.00
Nuevo León;Nancy Gil de la Peña;Norte;10/12/18;Empresa de embarque C;Cheque;Chocolate;Dulces;$178.50;41;$7 318.50
Guanajuato;Laura Gutiérrez Saenz;Bajío;12/12/18;Empresa de embarque B;Tarjeta de crédito;Té verde;Bebidas;$41.86;41;$1 716.26
Guanajuato;Laura Gutiérrez Saenz;Bajío;12/12/18;Empresa de embarque A;Otros medios;Jalea de fresa;Mermeladas y jaleas;$350.00;94;$32 900.00
Guanajuato;Laura Gutiérrez Saenz;Bajío;12/12/18;Empresa de embarque A;Otros medios;Condimento cajún;Condimentos;$308.00;20;$6 160.00
Guanajuato;Laura Gutiérrez Saenz;Bajío;12/12/18;Empresa de embarque A;Otros medios;Galletas de chocolate;Productos horneados;$128.80;13;$1 674.40
Estado de México;Ana del Valle Hinojosa;Centro;30/12/18;Empresa de embarque C;Tarjeta de crédito;Almejas;Sopas;$135.10;98;$13 239.80
Estado de México;Ana del Valle Hinojosa;Centro;30/12/18;Empresa de embarque C;Tarjeta de crédito;Carne de cangrejo;Carne enlatada;$257.60;86;$22 153.60
Jalisco;Robert Zárate Carrillo;Occidente;11/12/18;Empresa de embarque A;Cheque;Ravioli;Pasta;$273.00;20;$5 460.00
Jalisco;Robert Zárate Carrillo;Occidente;11/12/18;Empresa de embarque A;Cheque;Mozzarella;Productos lácteos;$487.20;69;$33 616.80
Baja California;Luis Miguel Valdés Garza;Norte;08/12/18;Empresa de embarque B;Tarjeta de crédito;Cerveza;Bebidas;$196.00;68;$13 328.00
Nuevo León;Nancy Gil de la Peña;Norte;10/12/18;Empresa de embarque B;Cheque;Salsa curry;Salsas;$560.00;52;$29 120.00
Nuevo León;Nancy Gil de la Peña;Norte;10/12/18;Empresa de embarque B;Cheque;Galletas de chocolate;Productos horneados;$128.80;40;$5 152.00
Guanajuato;Laura Gutiérrez Saenz;Bajío;27/12/18;Empresa de embarque A;Efectivo;Bolillos;Productos horneados;$140.00;100;$14 000.00
Ciudad de México;Ana del Valle Hinojosa;Centro;28/12/18;Empresa de embarque C;Tarjeta de crédito;Aceite de oliva;Aceite;$298.90;88;$26 303.20
Ciudad de México;Ana del Valle Hinojosa;Centro;28/12/18;Empresa de embarque C;Tarjeta de crédito;Almejas;Sopas;$135.10;46;$6 214.60
Ciudad de México;Ana del Valle Hinojosa;Centro;28/12/18;Empresa de embarque C;Tarjeta de crédito;Carne de cangrejo;Carne enlatada;$257.60;93;$23 956.80
Jalisco;José de Jesús Morales;Occidente;31/12/18;Empresa de embarque B;Cheque;Cerveza;Bebidas;$196.00;96;$18 816.00
Baja California;Luis Miguel Valdés Garza;Norte;08/12/18;Empresa de embarque C;Cheque;Chocolate;Dulces;$178.50;12;$2 142.00
Querétaro;Andrés González Rico;Bajío;06/12/18;Empresa de embarque A;Tarjeta de crédito;Mermelada de zarzamora;Mermeladas y jaleas;$1 134.00;38;$43 092.00
Querétaro;Andrés González Rico;Bajío;06/12/18;Empresa de embarque A;Tarjeta de crédito;Arroz de grano largo;Granos;$98.00;42;$4 116.00
Nuevo León;Nancy Gil de la Peña;Norte;10/12/18;Empresa de embarque C;Tarjeta de crédito;Mozzarella;Productos lácteos;$487.20;100;$48 720.00
Guerrero;Mayra Aguilar Sepúlveda;Occidente;05/12/18;Empresa de embarque B;Efectivo;Jarabe;Condimentos;$140.00;89;$12 460.00
Guerrero;Mayra Aguilar Sepúlveda;Occidente;05/12/18;Empresa de embarque B;Efectivo;Salsa curry;Salsas;$560.00;12;$6 720.00
Guanajuato;Laura Gutiérrez Saenz;Bajío;12/12/18;Empresa de embarque B;Tarjeta de crédito;Almendras;Frutas secas;$140.00;97;$13 580.00
Estado de México;Ana del Valle Hinojosa;Centro;30/12/18;Empresa de embarque C;Tarjeta de crédito;Café;Bebidas;$644.00;43;$27 692.00
Jalisco;Robert Zárate Carrillo;Occidente;11/12/18;Empresa de embarque A;Cheque;Almejas;Sopas;$135.10;18;$2 431.80
Baja California;Luis Miguel Valdés Garza;Norte;08/12/18;Empresa de embarque B;Tarjeta de crédito;Chocolate;Dulces;$178.50;41;$7 318.50
Nuevo León;Nancy Gil de la Peña;Norte;10/12/18;Empresa de embarque B;Cheque;Chocolate;Dulces;$178.50;19;$3 391.50
Guanajuato;Laura Gutiérrez Saenz;Bajío;27/12/18;Empresa de embarque A;Efectivo;Condimento cajún;Condimentos;$308.00;65;$20 020.00
Ciudad de México;Ana del Valle Hinojosa;Centro;28/12/18;Empresa de embarque C;Tarjeta de crédito;Jalea de fresa;Mermeladas y jaleas;$350.00;13;$4 550.00
Jalisco;José de Jesús Morales;Occidente;31/12/18;Empresa de embarque B;Cheque;Cóctel de frutas;Frutas y vegetales;$546.00;54;$29 484.00
Baja California;Luis Miguel Valdés Garza;Norte;08/12/18;Empresa de embarque C;Cheque;Peras secas;Frutas secas;$420.00;33;$13 860.00
Baja California;Luis Miguel Valdés Garza;Norte;08/12/18;Empresa de embarque C;Cheque;Manzanas secas;Frutas secas;$742.00;34;$25 228.00
